﻿10248,1996-07-04 00:00:00.000,Vins et alcools Chevalier,Paul Henriot,27
10249,1996-07-05 00:00:00.000,Toms Spezialitäten,Karin Josephs,49
10250,1996-07-08 00:00:00.000,Hanari Carnes,Mario Pontes,60
10251,1996-07-08 00:00:00.000,Victuailles en stock,Mary Saveley,41
10252,1996-07-09 00:00:00.000,Suprêmes délices,Pascale Cartrain,105
10253,1996-07-10 00:00:00.000,Hanari Carnes,Mario Pontes,102
10254,1996-07-11 00:00:00.000,Chop-suey Chinese,Yang Wang,57
10255,1996-07-12 00:00:00.000,Richter Supermarkt,Michael Holz,110
10256,1996-07-15 00:00:00.000,Wellington Importadora,Paula Parente,27
10257,1996-07-16 00:00:00.000,HILARION-Abastos,Carlos Hernández,46
10258,1996-07-17 00:00:00.000,Ernst Handel,Roland Mendel,121
10259,1996-07-18 00:00:00.000,Centro comercial Moctezuma,Francisco Chang,11
10260,1996-07-19 00:00:00.000,Ottilies Käseladen,Henriette Pfalzheim,102
10261,1996-07-19 00:00:00.000,Que Delícia,Bernardo Batista,40
10262,1996-07-22 00:00:00.000,Rattlesnake Canyon Grocery,Paula Wilson,29
10263,1996-07-23 00:00:00.000,Ernst Handel,Roland Mendel,184
10264,1996-07-24 00:00:00.000,Folk och fä HB,Maria Larsson,60
10265,1996-07-25 00:00:00.000,Blondesddsl père et fils,Frédérique Citeaux,50
10266,1996-07-26 00:00:00.000,Wartian Herkku,Pirkko Koskitalo,12
10267,1996-07-29 00:00:00.000,Frankenversand,Peter Franken,135
10268,1996-07-30 00:00:00.000,GROSELLA-Restaurante,Manuel Pereira,14
10269,1996-07-31 00:00:00.000,White Clover Markets,Karl Jablonski,80
10270,1996-08-01 00:00:00.000,Wartian Herkku,Pirkko Koskitalo,55
10271,1996-08-01 00:00:00.000,Split Rail Beer & Ale,Art Braunschweiger,24
10272,1996-08-02 00:00:00.000,Rattlesnake Canyon Grocery,Paula Wilson,70
10273,1996-08-05 00:00:00.000,QUICK-Stop,Horst Kloss,152
10274,1996-08-06 00:00:00.000,Vins et alcools Chevalier,Paul Henriot,27
10275,1996-08-07 00:00:00.000,Magazzini Alimentari Riuniti,Giovanni Rovelli,18
10276,1996-08-08 00:00:00.000,Tortuga Restaurante,Miguel Angel Paolino,25
10277,1996-08-09 00:00:00.000,Morgenstern Gesundkost,Alexander Feuer,32
10278,1996-08-12 00:00:00.000,Berglunds snabbköp,Christina Berglund,64
10279,1996-08-13 00:00:00.000,Lehmanns Marktstand,Renate Messner,15
10280,1996-08-14 00:00:00.000,Berglunds snabbköp,Christina Berglund,62
10281,1996-08-14 00:00:00.000,Romero y tomillo,Alejandra Camino,11
10282,1996-08-15 00:00:00.000,Romero y tomillo,Alejandra Camino,8
10283,1996-08-16 00:00:00.000,LILA-Supermercado,Carlos González,76
10284,1996-08-19 00:00:00.000,Lehmanns Marktstand,Renate Messner,61
10285,1996-08-20 00:00:00.000,QUICK-Stop,Horst Kloss,121
10286,1996-08-21 00:00:00.000,QUICK-Stop,Horst Kloss,140
10287,1996-08-22 00:00:00.000,Ricardo Adocicados,Janete Limeira,75
10288,1996-08-23 00:00:00.000,Reggiani Caseifici,Maurizio Moroni,13
10289,1996-08-26 00:00:00.000,B's Beverages,Victoria Ashworth,39
10290,1996-08-27 00:00:00.000,Comércio Mineiro,Pedro Afonso,60
10291,1996-08-27 00:00:00.000,Que Delícia,Bernardo Batista,46
10292,1996-08-28 00:00:00.000,Tradição Hipermercados,Anabela Domingues,20
10293,1996-08-29 00:00:00.000,Tortuga Restaurante,Miguel Angel Paolino,33
10294,1996-08-30 00:00:00.000,Rattlesnake Canyon Grocery,Paula Wilson,75
10295,1996-09-02 00:00:00.000,Vins et alcools Chevalier,Paul Henriot,4
10296,1996-09-03 00:00:00.000,LILA-Supermercado,Carlos González,57
10297,1996-09-04 00:00:00.000,Blondesddsl père et fils,Frédérique Citeaux,80
10298,1996-09-05 00:00:00.000,Hungry Owl All-Night Grocers,Patricia McKenna,125
10299,1996-09-06 00:00:00.000,Ricardo Adocicados,Janete Limeira,35
10300,1996-09-09 00:00:00.000,Magazzini Alimentari Riuniti,Giovanni Rovelli,50
10301,1996-09-09 00:00:00.000,Die Wandernde Kuh,Rita Müller,30
10302,1996-09-10 00:00:00.000,Suprêmes délices,Pascale Cartrain,80
10303,1996-09-11 00:00:00.000,Godos Cocina Típica,José Pedro Freyre,85
10304,1996-09-12 00:00:00.000,Tortuga Restaurante,Miguel Angel Paolino,42
10305,1996-09-13 00:00:00.000,Old World Delicatessen,Rene Phillips,80
10306,1996-09-16 00:00:00.000,Romero y tomillo,Alejandra Camino,25
10307,1996-09-17 00:00:00.000,Lonesome Pine Restaurant,Fran Wilson,13
10308,1996-09-18 00:00:00.000,Ana Trujillo Emparedados y helados,Ana Trujillo,6
10309,1996-09-19 00:00:00.000,Hungry Owl All-Night Grocers,Patricia McKenna,75
10310,1996-09-20 00:00:00.000,The Big Cheese,Liz Nixon,15
10311,1996-09-20 00:00:00.000,Du monde entier,Janine Labrune,13
10312,1996-09-23 00:00:00.000,Die Wandernde Kuh,Rita Müller,58
10313,1996-09-24 00:00:00.000,QUICK-Stop,Horst Kloss,12
10314,1996-09-25 00:00:00.000,Rattlesnake Canyon Grocery,Paula Wilson,95
10315,1996-09-26 00:00:00.000,Island Trading,Helen Bennett,44
10316,1996-09-27 00:00:00.000,Rattlesnake Canyon Grocery,Paula Wilson,80
10317,1996-09-30 00:00:00.000,Lonesome Pine Restaurant,Fran Wilson,20
10318,1996-10-01 00:00:00.000,Island Trading,Helen Bennett,26
10319,1996-10-02 00:00:00.000,Tortuga Restaurante,Miguel Angel Paolino,52
10320,1996-10-03 00:00:00.000,Wartian Herkku,Pirkko Koskitalo,30
10321,1996-10-03 00:00:00.000,Island Trading,Helen Bennett,10
10322,1996-10-04 00:00:00.000,Pericles Comidas clásicas,Guillermo Fernández,20
10323,1996-10-07 00:00:00.000,Königlich Essen,Philip Cramer,13
10324,1996-10-08 00:00:00.000,Save-a-lot Markets,Jose Pavarotti,241
10325,1996-10-09 00:00:00.000,Königlich Essen,Philip Cramer,71
10326,1996-10-10 00:00:00.000,Bólido Comidas preparadas,Martín Sommer,90
10327,1996-10-11 00:00:00.000,Folk och fä HB,Maria Larsson,140
10328,1996-10-14 00:00:00.000,Furia Bacalhau e Frutos do Mar,Lino Rodriguez,59
10329,1996-10-15 00:00:00.000,Split Rail Beer & Ale,Art Braunschweiger,50
10330,1996-10-16 00:00:00.000,LILA-Supermercado,Carlos González,75
10331,1996-10-16 00:00:00.000,Bon app',Laurence Lebihan,15
10332,1996-10-17 00:00:00.000,Mère Paillarde,Jean Fresnière,66
10333,1996-10-18 00:00:00.000,Wartian Herkku,Pirkko Koskitalo,60
10334,1996-10-21 00:00:00.000,Victuailles en stock,Mary Saveley,18
10335,1996-10-22 00:00:00.000,Hungry Owl All-Night Grocers,Patricia McKenna,86
10336,1996-10-23 00:00:00.000,Princesa Isabel Vinhos,Isabel de Castro,18
10337,1996-10-24 00:00:00.000,Frankenversand,Peter Franken,137
10338,1996-10-25 00:00:00.000,Old World Delicatessen,Rene Phillips,35
10339,1996-10-28 00:00:00.000,Mère Paillarde,Jean Fresnière,108
10340,1996-10-29 00:00:00.000,Bon app',Laurence Lebihan,72
10341,1996-10-29 00:00:00.000,Simons bistro,Jytte Petersen,17
10342,1996-10-30 00:00:00.000,Frankenversand,Peter Franken,160
10343,1996-10-31 00:00:00.000,Lehmanns Marktstand,Renate Messner,69
10344,1996-11-01 00:00:00.000,White Clover Markets,Karl Jablonski,105
10345,1996-11-04 00:00:00.000,QUICK-Stop,Horst Kloss,159
10346,1996-11-05 00:00:00.000,Rattlesnake Canyon Grocery,Paula Wilson,56
10347,1996-11-06 00:00:00.000,Familia Arquibaldo,Aria Cruz,70
10348,1996-11-07 00:00:00.000,Die Wandernde Kuh,Rita Müller,40
10349,1996-11-08 00:00:00.000,Split Rail Beer & Ale,Art Braunschweiger,24
10350,1996-11-11 00:00:00.000,La maison d'Asie,Annette Roulet,33
10351,1996-11-11 00:00:00.000,Ernst Handel,Roland Mendel,120
10352,1996-11-12 00:00:00.000,Furia Bacalhau e Frutos do Mar,Lino Rodriguez,30
10353,1996-11-13 00:00:00.000,Piccolo und mehr,Georg Pipps,62
10354,1996-11-14 00:00:00.000,Pericles Comidas clásicas,Guillermo Fernández,16
10355,1996-11-15 00:00:00.000,Around the Horn,Thomas Hardy,50
10356,1996-11-18 00:00:00.000,Die Wandernde Kuh,Rita Müller,62
10357,1996-11-19 00:00:00.000,LILA-Supermercado,Carlos González,54
10358,1996-11-20 00:00:00.000,La maison d'Asie,Annette Roulet,40
10359,1996-11-21 00:00:00.000,Seven Seas Imports,Hari Kumar,206
10360,1996-11-22 00:00:00.000,Blondesddsl père et fils,Frédérique Citeaux,138
10361,1996-11-22 00:00:00.000,QUICK-Stop,Horst Kloss,109
10362,1996-11-25 00:00:00.000,Bon app',Laurence Lebihan,94
10363,1996-11-26 00:00:00.000,Drachenblut Delikatessen,Sven Ottlieb,44
10364,1996-11-26 00:00:00.000,Eastern Connection,Ann Devon,35
10365,1996-11-27 00:00:00.000,Antonio Moreno Taquería,Antonio Moreno,24
10366,1996-11-28 00:00:00.000,Galería del gastrónomo,Eduardo Saavedra,10
10367,1996-11-28 00:00:00.000,Vaffeljernet,Palle Ibsen,76
10368,1996-11-29 00:00:00.000,Ernst Handel,Roland Mendel,78
10369,1996-12-02 00:00:00.000,Split Rail Beer & Ale,Art Braunschweiger,38
10370,1996-12-03 00:00:00.000,Chop-suey Chinese,Yang Wang,65
10371,1996-12-03 00:00:00.000,La maison d'Asie,Annette Roulet,6
10372,1996-12-04 00:00:00.000,Queen Cozinha,Lúcia Carvalho,164
10373,1996-12-05 00:00:00.000,Hungry Owl All-Night Grocers,Patricia McKenna,130
10374,1996-12-05 00:00:00.000,Wolski  Zajazd,Zbyszek Piestrzeniewicz,45
10375,1996-12-06 00:00:00.000,Hungry Coyote Import Store,Yoshi Latimer,25
10376,1996-12-09 00:00:00.000,Mère Paillarde,Jean Fresnière,42
10377,1996-12-09 00:00:00.000,Seven Seas Imports,Hari Kumar,40
10378,1996-12-10 00:00:00.000,Folk och fä HB,Maria Larsson,6
10379,1996-12-11 00:00:00.000,Que Delícia,Bernardo Batista,44
10380,1996-12-12 00:00:00.000,Hungry Owl All-Night Grocers,Patricia McKenna,74
10381,1996-12-12 00:00:00.000,LILA-Supermercado,Carlos González,14
10382,1996-12-13 00:00:00.000,Ernst Handel,Roland Mendel,165
10383,1996-12-16 00:00:00.000,Around the Horn,Thomas Hardy,55
10384,1996-12-16 00:00:00.000,Berglunds snabbköp,Christina Berglund,43
10385,1996-12-17 00:00:00.000,Split Rail Beer & Ale,Art Braunschweiger,38
10386,1996-12-18 00:00:00.000,Familia Arquibaldo,Aria Cruz,25
10387,1996-12-18 00:00:00.000,Santé Gourmet,Jonas Bergulfsen,48
10388,1996-12-19 00:00:00.000,Seven Seas Imports,Hari Kumar,75
10389,1996-12-20 00:00:00.000,Bottom-Dollar Markets,Elizabeth Lincoln,81
10390,1996-12-23 00:00:00.000,Ernst Handel,Roland Mendel,169
10391,1996-12-23 00:00:00.000,Drachenblut Delikatessen,Sven Ottlieb,18
10392,1996-12-24 00:00:00.000,Piccolo und mehr,Georg Pipps,50
10393,1996-12-25 00:00:00.000,Save-a-lot Markets,Jose Pavarotti,176
10394,1996-12-25 00:00:00.000,Hungry Coyote Import Store,Yoshi Latimer,20
10395,1996-12-26 00:00:00.000,HILARION-Abastos,Carlos Hernández,106
10396,1996-12-27 00:00:00.000,Frankenversand,Peter Franken,121
10397,1996-12-27 00:00:00.000,Princesa Isabel Vinhos,Isabel de Castro,28
10398,1996-12-30 00:00:00.000,Save-a-lot Markets,Jose Pavarotti,150
10399,1996-12-31 00:00:00.000,Vaffeljernet,Palle Ibsen,139
10400,1997-01-01 00:00:00.000,Eastern Connection,Ann Devon,86
10401,1997-01-01 00:00:00.000,Rattlesnake Canyon Grocery,Paula Wilson,168
10402,1997-01-02 00:00:00.000,Ernst Handel,Roland Mendel,125
10403,1997-01-03 00:00:00.000,Ernst Handel,Roland Mendel,91
10404,1997-01-03 00:00:00.000,Magazzini Alimentari Riuniti,Giovanni Rovelli,100
10405,1997-01-06 00:00:00.000,LINO-Delicateses,Felipe Izquierdo,50
10406,1997-01-07 00:00:00.000,Queen Cozinha,Lúcia Carvalho,89
10407,1997-01-07 00:00:00.000,Ottilies Käseladen,Henriette Pfalzheim,60
10408,1997-01-08 00:00:00.000,Folies gourmandes,Martine Rancé,51
10409,1997-01-09 00:00:00.000,Océano Atlántico Ltda.,Yvonne Moncada,24
10410,1997-01-10 00:00:00.000,Bottom-Dollar Markets,Elizabeth Lincoln,65
10411,1997-01-10 00:00:00.000,Bottom-Dollar Markets,Elizabeth Lincoln,74
10412,1997-01-13 00:00:00.000,Wartian Herkku,Pirkko Koskitalo,20
10413,1997-01-14 00:00:00.000,La maison d'Asie,Annette Roulet,78
10414,1997-01-14 00:00:00.000,Familia Arquibaldo,Aria Cruz,68
10415,1997-01-15 00:00:00.000,Hungry Coyote Import Store,Yoshi Latimer,22
10416,1997-01-16 00:00:00.000,Wartian Herkku,Pirkko Koskitalo,50
10417,1997-01-16 00:00:00.000,Simons bistro,Jytte Petersen,123
10418,1997-01-17 00:00:00.000,QUICK-Stop,Horst Kloss,146
10419,1997-01-20 00:00:00.000,Richter Supermarkt,Michael Holz,80
10420,1997-01-21 00:00:00.000,Wellington Importadora,Paula Parente,50
10421,1997-01-21 00:00:00.000,Que Delícia,Bernardo Batista,59
10422,1997-01-22 00:00:00.000,Franchi S.p.A.,Paolo Accorti,2
10423,1997-01-23 00:00:00.000,Gourmet Lanchonetes,André Fonseca,34
10424,1997-01-23 00:00:00.000,Mère Paillarde,Jean Fresnière,139
10425,1997-01-24 00:00:00.000,La maison d'Asie,Annette Roulet,30
10426,1997-01-27 00:00:00.000,Galería del gastrónomo,Eduardo Saavedra,12
10427,1997-01-27 00:00:00.000,Piccolo und mehr,Georg Pipps,35
10428,1997-01-28 00:00:00.000,Reggiani Caseifici,Maurizio Moroni,20
10429,1997-01-29 00:00:00.000,Hungry Owl All-Night Grocers,Patricia McKenna,75
10430,1997-01-30 00:00:00.000,Ernst Handel,Roland Mendel,195
10431,1997-01-30 00:00:00.000,Bottom-Dollar Markets,Elizabeth Lincoln,130
10432,1997-01-31 00:00:00.000,Split Rail Beer & Ale,Art Braunschweiger,50
10433,1997-02-03 00:00:00.000,Princesa Isabel Vinhos,Isabel de Castro,28
10434,1997-02-03 00:00:00.000,Folk och fä HB,Maria Larsson,24
10435,1997-02-04 00:00:00.000,Consolidated Holdings,Elizabeth Brown,32
10436,1997-02-05 00:00:00.000,Blondesddsl père et fils,Frédérique Citeaux,99
10437,1997-02-05 00:00:00.000,Wartian Herkku,Pirkko Koskitalo,15
10438,1997-02-06 00:00:00.000,Toms Spezialitäten,Karin Josephs,50
10439,1997-02-07 00:00:00.000,Mère Paillarde,Jean Fresnière,67
10440,1997-02-10 00:00:00.000,Save-a-lot Markets,Jose Pavarotti,208
10441,1997-02-10 00:00:00.000,Old World Delicatessen,Rene Phillips,50
10442,1997-02-11 00:00:00.000,Ernst Handel,Roland Mendel,170
10443,1997-02-12 00:00:00.000,Reggiani Caseifici,Maurizio Moroni,18
10444,1997-02-12 00:00:00.000,Berglunds snabbköp,Christina Berglund,63
10445,1997-02-13 00:00:00.000,Berglunds snabbköp,Christina Berglund,21
10446,1997-02-14 00:00:00.000,Toms Spezialitäten,Karin Josephs,50
10447,1997-02-14 00:00:00.000,Ricardo Adocicados,Janete Limeira,77
10448,1997-02-17 00:00:00.000,Rancho grande,Sergio Gutiérrez,26
10449,1997-02-18 00:00:00.000,Blondesddsl père et fils,Frédérique Citeaux,69
10450,1997-02-19 00:00:00.000,Victuailles en stock,Mary Saveley,26
10451,1997-02-19 00:00:00.000,QUICK-Stop,Horst Kloss,238
10452,1997-02-20 00:00:00.000,Save-a-lot Markets,Jose Pavarotti,115
10453,1997-02-21 00:00:00.000,Around the Horn,Thomas Hardy,40
10454,1997-02-21 00:00:00.000,La maison d'Asie,Annette Roulet,50
10455,1997-02-24 00:00:00.000,Wartian Herkku,Pirkko Koskitalo,125
10456,1997-02-25 00:00:00.000,Königlich Essen,Philip Cramer,61
10457,1997-02-25 00:00:00.000,Königlich Essen,Philip Cramer,36
10458,1997-02-26 00:00:00.000,Suprêmes délices,Pascale Cartrain,145
10459,1997-02-27 00:00:00.000,Victuailles en stock,Mary Saveley,76
10460,1997-02-28 00:00:00.000,Folk och fä HB,Maria Larsson,25
10461,1997-02-28 00:00:00.000,LILA-Supermercado,Carlos González,128
10462,1997-03-03 00:00:00.000,Consolidated Holdings,Elizabeth Brown,22
10463,1997-03-04 00:00:00.000,Suprêmes délices,Pascale Cartrain,71
10464,1997-03-04 00:00:00.000,Furia Bacalhau e Frutos do Mar,Lino Rodriguez,69
10465,1997-03-05 00:00:00.000,Vaffeljernet,Palle Ibsen,118
10466,1997-03-06 00:00:00.000,Comércio Mineiro,Pedro Afonso,15
10467,1997-03-06 00:00:00.000,Magazzini Alimentari Riuniti,Giovanni Rovelli,40
10468,1997-03-07 00:00:00.000,Königlich Essen,Philip Cramer,23
10469,1997-03-10 00:00:00.000,White Clover Markets,Karl Jablonski,77
10470,1997-03-11 00:00:00.000,Bon app',Laurence Lebihan,53
10471,1997-03-11 00:00:00.000,B's Beverages,Victoria Ashworth,50
10472,1997-03-12 00:00:00.000,Seven Seas Imports,Hari Kumar,98
10473,1997-03-13 00:00:00.000,Island Trading,Helen Bennett,24
10474,1997-03-13 00:00:00.000,Pericles Comidas clásicas,Guillermo Fernández,61
10475,1997-03-14 00:00:00.000,Suprêmes délices,Pascale Cartrain,137
10476,1997-03-17 00:00:00.000,HILARION-Abastos,Carlos Hernández,14
10477,1997-03-17 00:00:00.000,Princesa Isabel Vinhos,Isabel de Castro,56
10478,1997-03-18 00:00:00.000,Victuailles en stock,Mary Saveley,20
10479,1997-03-19 00:00:00.000,Rattlesnake Canyon Grocery,Paula Wilson,148
10480,1997-03-20 00:00:00.000,Folies gourmandes,Martine Rancé,42
10481,1997-03-20 00:00:00.000,Ricardo Adocicados,Janete Limeira,64
10482,1997-03-21 00:00:00.000,Lazy K Kountry Store,John Steel,10
10483,1997-03-24 00:00:00.000,White Clover Markets,Karl Jablonski,65
10484,1997-03-24 00:00:00.000,B's Beverages,Victoria Ashworth,27
10485,1997-03-25 00:00:00.000,LINO-Delicateses,Felipe Izquierdo,130
10486,1997-03-26 00:00:00.000,HILARION-Abastos,Carlos Hernández,46
10487,1997-03-26 00:00:00.000,Queen Cozinha,Lúcia Carvalho,59
10488,1997-03-27 00:00:00.000,Frankenversand,Peter Franken,50
10489,1997-03-28 00:00:00.000,Piccolo und mehr,Georg Pipps,33
10490,1997-03-31 00:00:00.000,HILARION-Abastos,Carlos Hernández,126
10491,1997-03-31 00:00:00.000,Furia Bacalhau e Frutos do Mar,Lino Rodriguez,22
10492,1997-04-01 00:00:00.000,Bottom-Dollar Markets,Elizabeth Lincoln,80
10493,1997-04-02 00:00:00.000,La maison d'Asie,Annette Roulet,35
10494,1997-04-02 00:00:00.000,Comércio Mineiro,Pedro Afonso,30
10495,1997-04-03 00:00:00.000,Laughing Bacchus Wine Cellars,Yoshi Tannamuri,35
10496,1997-04-04 00:00:00.000,Tradição Hipermercados,Anabela Domingues,20
10497,1997-04-04 00:00:00.000,Lehmanns Marktstand,Renate Messner,64
10498,1997-04-07 00:00:00.000,HILARION-Abastos,Carlos Hernández,49
10499,1997-04-08 00:00:00.000,LILA-Supermercado,Carlos González,45
10500,1997-04-09 00:00:00.000,La maison d'Asie,Annette Roulet,20
10501,1997-04-09 00:00:00.000,Blauer See Delikatessen,Hanna Moos,20
10502,1997-04-10 00:00:00.000,Pericles Comidas clásicas,Guillermo Fernández,57
10503,1997-04-11 00:00:00.000,Hungry Owl All-Night Grocers,Patricia McKenna,90
10504,1997-04-11 00:00:00.000,White Clover Markets,Karl Jablonski,59
10505,1997-04-14 00:00:00.000,Mère Paillarde,Jean Fresnière,3
10506,1997-04-15 00:00:00.000,Königlich Essen,Philip Cramer,32
10507,1997-04-15 00:00:00.000,Antonio Moreno Taquería,Antonio Moreno,30
10508,1997-04-16 00:00:00.000,Ottilies Käseladen,Henriette Pfalzheim,20
10509,1997-04-17 00:00:00.000,Blauer See Delikatessen,Hanna Moos,3
10510,1997-04-18 00:00:00.000,Save-a-lot Markets,Jose Pavarotti,72
10511,1997-04-18 00:00:00.000,Bon app',Laurence Lebihan,110
10512,1997-04-21 00:00:00.000,Familia Arquibaldo,Aria Cruz,37
10513,1997-04-22 00:00:00.000,Die Wandernde Kuh,Rita Müller,105
10514,1997-04-22 00:00:00.000,Ernst Handel,Roland Mendel,233
10515,1997-04-23 00:00:00.000,QUICK-Stop,Horst Kloss,286
10516,1997-04-24 00:00:00.000,Hungry Owl All-Night Grocers,Patricia McKenna,125
10517,1997-04-24 00:00:00.000,North/South,Simon Crowther,16
10518,1997-04-25 00:00:00.000,Tortuga Restaurante,Miguel Angel Paolino,29
10519,1997-04-28 00:00:00.000,Chop-suey Chinese,Yang Wang,66
10520,1997-04-29 00:00:00.000,Santé Gourmet,Jonas Bergulfsen,13
10521,1997-04-29 00:00:00.000,Cactus Comidas para llevar,Patricio Simpson,19
10522,1997-04-30 00:00:00.000,Lehmanns Marktstand,Renate Messner,109
10523,1997-05-01 00:00:00.000,Seven Seas Imports,Hari Kumar,64
10524,1997-05-01 00:00:00.000,Berglunds snabbköp,Christina Berglund,87
10525,1997-05-02 00:00:00.000,Bon app',Laurence Lebihan,45
10526,1997-05-05 00:00:00.000,Wartian Herkku,Pirkko Koskitalo,48
10527,1997-05-05 00:00:00.000,QUICK-Stop,Horst Kloss,80
10528,1997-05-06 00:00:00.000,Great Lakes Food Market,Howard Snyder,20
10529,1997-05-07 00:00:00.000,Maison Dewey,Catherine Dewey,44
10530,1997-05-08 00:00:00.000,Piccolo und mehr,Georg Pipps,135
10531,1997-05-08 00:00:00.000,Océano Atlántico Ltda.,Yvonne Moncada,2
10532,1997-05-09 00:00:00.000,Eastern Connection,Ann Devon,39
10533,1997-05-12 00:00:00.000,Folk och fä HB,Maria Larsson,98
10534,1997-05-12 00:00:00.000,Lehmanns Marktstand,Renate Messner,30
10535,1997-05-13 00:00:00.000,Antonio Moreno Taquería,Antonio Moreno,80
10536,1997-05-14 00:00:00.000,Lehmanns Marktstand,Renate Messner,100
10537,1997-05-14 00:00:00.000,Richter Supermarkt,Michael Holz,86
10538,1997-05-15 00:00:00.000,B's Beverages,Victoria Ashworth,8
10539,1997-05-16 00:00:00.000,B's Beverages,Victoria Ashworth,44
10540,1997-05-19 00:00:00.000,QUICK-Stop,Horst Kloss,165
10541,1997-05-19 00:00:00.000,Hanari Carnes,Mario Pontes,84
10542,1997-05-20 00:00:00.000,Königlich Essen,Philip Cramer,39
10543,1997-05-21 00:00:00.000,LILA-Supermercado,Carlos González,100
10544,1997-05-21 00:00:00.000,Lonesome Pine Restaurant,Fran Wilson,14
10545,1997-05-22 00:00:00.000,Lazy K Kountry Store,John Steel,10
10546,1997-05-23 00:00:00.000,Victuailles en stock,Mary Saveley,80
10547,1997-05-23 00:00:00.000,Seven Seas Imports,Hari Kumar,84
10548,1997-05-26 00:00:00.000,Toms Spezialitäten,Karin Josephs,24
10549,1997-05-27 00:00:00.000,QUICK-Stop,Horst Kloss,203
10550,1997-05-28 00:00:00.000,Godos Cocina Típica,José Pedro Freyre,34
10551,1997-05-28 00:00:00.000,Furia Bacalhau e Frutos do Mar,Lino Rodriguez,100
10552,1997-05-29 00:00:00.000,HILARION-Abastos,Carlos Hernández,48
10553,1997-05-30 00:00:00.000,Wartian Herkku,Pirkko Koskitalo,89
10554,1997-05-30 00:00:00.000,Ottilies Käseladen,Henriette Pfalzheim,80
10555,1997-06-02 00:00:00.000,Save-a-lot Markets,Jose Pavarotti,143
10556,1997-06-03 00:00:00.000,Simons bistro,Jytte Petersen,24
10557,1997-06-03 00:00:00.000,Lehmanns Marktstand,Renate Messner,50
10558,1997-06-04 00:00:00.000,Around the Horn,Thomas Hardy,96
10559,1997-06-05 00:00:00.000,Blondesddsl père et fils,Frédérique Citeaux,30
10560,1997-06-06 00:00:00.000,Frankenversand,Peter Franken,35
10561,1997-06-06 00:00:00.000,Folk och fä HB,Maria Larsson,60
10562,1997-06-09 00:00:00.000,Reggiani Caseifici,Maurizio Moroni,30
10563,1997-06-10 00:00:00.000,Ricardo Adocicados,Janete Limeira,95
10564,1997-06-10 00:00:00.000,Rattlesnake Canyon Grocery,Paula Wilson,47
10565,1997-06-11 00:00:00.000,Mère Paillarde,Jean Fresnière,43
10566,1997-06-12 00:00:00.000,Blondesddsl père et fils,Frédérique Citeaux,63
10567,1997-06-12 00:00:00.000,Hungry Owl All-Night Grocers,Patricia McKenna,103
10568,1997-06-13 00:00:00.000,Galería del gastrónomo,Eduardo Saavedra,5
10569,1997-06-16 00:00:00.000,Rattlesnake Canyon Grocery,Paula Wilson,65
10570,1997-06-17 00:00:00.000,Mère Paillarde,Jean Fresnière,75
10571,1997-06-17 00:00:00.000,Ernst Handel,Roland Mendel,39
10572,1997-06-18 00:00:00.000,Berglunds snabbköp,Christina Berglund,87
10573,1997-06-19 00:00:00.000,Antonio Moreno Taquería,Antonio Moreno,83
10574,1997-06-19 00:00:00.000,Trail's Head Gourmet Provisioners,Helvetius Nagy,32
10575,1997-06-20 00:00:00.000,Morgenstern Gesundkost,Alexander Feuer,58
10576,1997-06-23 00:00:00.000,Tortuga Restaurante,Miguel Angel Paolino,51
10577,1997-06-23 00:00:00.000,Trail's Head Gourmet Provisioners,Helvetius Nagy,48
10578,1997-06-24 00:00:00.000,B's Beverages,Victoria Ashworth,26
10579,1997-06-25 00:00:00.000,Let's Stop N Shop,Jaime Yorres,31
10580,1997-06-26 00:00:00.000,Ottilies Käseladen,Henriette Pfalzheim,54
10581,1997-06-26 00:00:00.000,Familia Arquibaldo,Aria Cruz,50
10582,1997-06-27 00:00:00.000,Blauer See Delikatessen,Hanna Moos,18
10583,1997-06-30 00:00:00.000,Wartian Herkku,Pirkko Koskitalo,44
10584,1997-06-30 00:00:00.000,Blondesddsl père et fils,Frédérique Citeaux,50
10585,1997-07-01 00:00:00.000,Wellington Importadora,Paula Parente,15
10586,1997-07-02 00:00:00.000,Reggiani Caseifici,Maurizio Moroni,4
10587,1997-07-02 00:00:00.000,Que Delícia,Bernardo Batista,46
10588,1997-07-03 00:00:00.000,QUICK-Stop,Horst Kloss,140
10589,1997-07-04 00:00:00.000,Great Lakes Food Market,Howard Snyder,4
10590,1997-07-07 00:00:00.000,Mère Paillarde,Jean Fresnière,80
10591,1997-07-07 00:00:00.000,Vaffeljernet,Palle Ibsen,74
10592,1997-07-08 00:00:00.000,Lehmanns Marktstand,Renate Messner,30
10593,1997-07-09 00:00:00.000,Lehmanns Marktstand,Renate Messner,45
10594,1997-07-09 00:00:00.000,Old World Delicatessen,Rene Phillips,54
10595,1997-07-10 00:00:00.000,Ernst Handel,Roland Mendel,215
10596,1997-07-11 00:00:00.000,White Clover Markets,Karl Jablonski,59
10597,1997-07-11 00:00:00.000,Piccolo und mehr,Georg Pipps,67
10598,1997-07-14 00:00:00.000,Rattlesnake Canyon Grocery,Paula Wilson,59
10599,1997-07-15 00:00:00.000,B's Beverages,Victoria Ashworth,10
10600,1997-07-16 00:00:00.000,Hungry Coyote Import Store,Yoshi Latimer,34
10601,1997-07-16 00:00:00.000,HILARION-Abastos,Carlos Hernández,95
10602,1997-07-17 00:00:00.000,Vaffeljernet,Palle Ibsen,5
10603,1997-07-18 00:00:00.000,Save-a-lot Markets,Jose Pavarotti,73
10604,1997-07-18 00:00:00.000,Furia Bacalhau e Frutos do Mar,Lino Rodriguez,16
10605,1997-07-21 00:00:00.000,Mère Paillarde,Jean Fresnière,135
10606,1997-07-22 00:00:00.000,Tradição Hipermercados,Anabela Domingues,50
10607,1997-07-22 00:00:00.000,Save-a-lot Markets,Jose Pavarotti,213
10608,1997-07-23 00:00:00.000,Toms Spezialitäten,Karin Josephs,28
10609,1997-07-24 00:00:00.000,Du monde entier,Janine Labrune,19
10610,1997-07-25 00:00:00.000,La maison d'Asie,Annette Roulet,21
10611,1997-07-25 00:00:00.000,Wolski  Zajazd,Zbyszek Piestrzeniewicz,31
10612,1997-07-28 00:00:00.000,Save-a-lot Markets,Jose Pavarotti,263
10613,1997-07-29 00:00:00.000,HILARION-Abastos,Carlos Hernández,48
10614,1997-07-29 00:00:00.000,Blauer See Delikatessen,Hanna Moos,27
10615,1997-07-30 00:00:00.000,Wilman Kala,Matti Karttunen,5
10616,1997-07-31 00:00:00.000,Great Lakes Food Market,Howard Snyder,59
10617,1997-07-31 00:00:00.000,Great Lakes Food Market,Howard Snyder,30
10618,1997-08-01 00:00:00.000,Mère Paillarde,Jean Fresnière,105
10619,1997-08-04 00:00:00.000,Mère Paillarde,Jean Fresnière,82
10620,1997-08-05 00:00:00.000,Laughing Bacchus Wine Cellars,Yoshi Tannamuri,10
10621,1997-08-05 00:00:00.000,Island Trading,Helen Bennett,50
10622,1997-08-06 00:00:00.000,Ricardo Adocicados,Janete Limeira,38
10623,1997-08-07 00:00:00.000,Frankenversand,Peter Franken,94
10624,1997-08-07 00:00:00.000,The Cracker Box,Liu Wong,26
10625,1997-08-08 00:00:00.000,Ana Trujillo Emparedados y helados,Ana Trujillo,18
10626,1997-08-11 00:00:00.000,Berglunds snabbköp,Christina Berglund,52
10627,1997-08-11 00:00:00.000,Save-a-lot Markets,Jose Pavarotti,50
10628,1997-08-12 00:00:00.000,Blondesddsl père et fils,Frédérique Citeaux,25
10629,1997-08-12 00:00:00.000,Godos Cocina Típica,José Pedro Freyre,29
10630,1997-08-13 00:00:00.000,Königlich Essen,Philip Cramer,47
10631,1997-08-14 00:00:00.000,La maison d'Asie,Annette Roulet,8
10632,1997-08-14 00:00:00.000,Die Wandernde Kuh,Rita Müller,50
10633,1997-08-15 00:00:00.000,Ernst Handel,Roland Mendel,164
10634,1997-08-15 00:00:00.000,Folies gourmandes,Martine Rancé,102
10635,1997-08-18 00:00:00.000,Magazzini Alimentari Riuniti,Giovanni Rovelli,65
10636,1997-08-19 00:00:00.000,Wartian Herkku,Pirkko Koskitalo,31
10637,1997-08-19 00:00:00.000,Queen Cozinha,Lúcia Carvalho,95
10638,1997-08-20 00:00:00.000,LINO-Delicateses,Felipe Izquierdo,101
10639,1997-08-20 00:00:00.000,Santé Gourmet,Jonas Bergulfsen,8
10640,1997-08-21 00:00:00.000,Die Wandernde Kuh,Rita Müller,35
10641,1997-08-22 00:00:00.000,HILARION-Abastos,Carlos Hernández,110
10642,1997-08-22 00:00:00.000,Simons bistro,Jytte Petersen,50
10643,1997-08-25 00:00:00.000,Alfreds Futterkiste,Maria Anders,38
10644,1997-08-25 00:00:00.000,Wellington Importadora,Paula Parente,45
10645,1997-08-26 00:00:00.000,Hanari Carnes,Mario Pontes,35
10646,1997-08-27 00:00:00.000,Hungry Owl All-Night Grocers,Patricia McKenna,98
10647,1997-08-27 00:00:00.000,Que Delícia,Bernardo Batista,50
10648,1997-08-28 00:00:00.000,Ricardo Adocicados,Janete Limeira,30
10649,1997-08-28 00:00:00.000,Maison Dewey,Catherine Dewey,35
10650,1997-08-29 00:00:00.000,Familia Arquibaldo,Aria Cruz,85
10651,1997-09-01 00:00:00.000,Die Wandernde Kuh,Rita Müller,32
10652,1997-09-01 00:00:00.000,Gourmet Lanchonetes,André Fonseca,22
10653,1997-09-02 00:00:00.000,Frankenversand,Peter Franken,50
10654,1997-09-02 00:00:00.000,Berglunds snabbköp,Christina Berglund,38
10655,1997-09-03 00:00:00.000,Reggiani Caseifici,Maurizio Moroni,20
10656,1997-09-04 00:00:00.000,Great Lakes Food Market,Howard Snyder,37
10657,1997-09-04 00:00:00.000,Save-a-lot Markets,Jose Pavarotti,204
10658,1997-09-05 00:00:00.000,QUICK-Stop,Horst Kloss,255
10659,1997-09-05 00:00:00.000,Queen Cozinha,Lúcia Carvalho,84
10660,1997-09-08 00:00:00.000,Hungry Coyote Import Store,Yoshi Latimer,21
10661,1997-09-09 00:00:00.000,Hungry Owl All-Night Grocers,Patricia McKenna,52
10662,1997-09-09 00:00:00.000,Lonesome Pine Restaurant,Fran Wilson,10
10663,1997-09-10 00:00:00.000,Bon app',Laurence Lebihan,80
10664,1997-09-10 00:00:00.000,Furia Bacalhau e Frutos do Mar,Lino Rodriguez,51
10665,1997-09-11 00:00:00.000,Lonesome Pine Restaurant,Fran Wilson,31
10666,1997-09-12 00:00:00.000,Richter Supermarkt,Michael Holz,46
10667,1997-09-12 00:00:00.000,Ernst Handel,Roland Mendel,59
10668,1997-09-15 00:00:00.000,Die Wandernde Kuh,Rita Müller,27
10669,1997-09-15 00:00:00.000,Simons bistro,Jytte Petersen,30
10670,1997-09-16 00:00:00.000,Frankenversand,Peter Franken,192
10671,1997-09-17 00:00:00.000,France restauration,Carine Schmitt,32
10672,1997-09-17 00:00:00.000,Berglunds snabbköp,Christina Berglund,27
10673,1997-09-18 00:00:00.000,Wilman Kala,Matti Karttunen,15
10674,1997-09-18 00:00:00.000,Island Trading,Helen Bennett,5
10675,1997-09-19 00:00:00.000,Frankenversand,Peter Franken,70
10676,1997-09-22 00:00:00.000,Tortuga Restaurante,Miguel Angel Paolino,30
10677,1997-09-22 00:00:00.000,Antonio Moreno Taquería,Antonio Moreno,38
10678,1997-09-23 00:00:00.000,Save-a-lot Markets,Jose Pavarotti,280
10679,1997-09-23 00:00:00.000,Blondesddsl père et fils,Frédérique Citeaux,12
10680,1997-09-24 00:00:00.000,Old World Delicatessen,Rene Phillips,110
10681,1997-09-25 00:00:00.000,Great Lakes Food Market,Howard Snyder,70
10682,1997-09-25 00:00:00.000,Antonio Moreno Taquería,Antonio Moreno,64
10683,1997-09-26 00:00:00.000,Du monde entier,Janine Labrune,9
10684,1997-09-26 00:00:00.000,Ottilies Käseladen,Henriette Pfalzheim,90
10685,1997-09-29 00:00:00.000,Gourmet Lanchonetes,André Fonseca,39
10686,1997-09-30 00:00:00.000,Piccolo und mehr,Georg Pipps,45
10687,1997-09-30 00:00:00.000,Hungry Owl All-Night Grocers,Patricia McKenna,66
10688,1997-10-01 00:00:00.000,Vaffeljernet,Palle Ibsen,92
10689,1997-10-01 00:00:00.000,Berglunds snabbköp,Christina Berglund,35
10690,1997-10-02 00:00:00.000,Hanari Carnes,Mario Pontes,50
10691,1997-10-03 00:00:00.000,QUICK-Stop,Horst Kloss,182
10692,1997-10-03 00:00:00.000,Alfreds Futterkiste,Maria Anders,20
10693,1997-10-06 00:00:00.000,White Clover Markets,Karl Jablonski,111
10694,1997-10-06 00:00:00.000,QUICK-Stop,Horst Kloss,165
10695,1997-10-07 00:00:00.000,Wilman Kala,Matti Karttunen,34
10696,1997-10-08 00:00:00.000,White Clover Markets,Karl Jablonski,38
10697,1997-10-08 00:00:00.000,LINO-Delicateses,Felipe Izquierdo,76
10698,1997-10-09 00:00:00.000,Ernst Handel,Roland Mendel,108
10699,1997-10-09 00:00:00.000,Morgenstern Gesundkost,Alexander Feuer,12
10700,1997-10-10 00:00:00.000,Save-a-lot Markets,Jose Pavarotti,117
10701,1997-10-13 00:00:00.000,Hungry Owl All-Night Grocers,Patricia McKenna,97
10702,1997-10-13 00:00:00.000,Alfreds Futterkiste,Maria Anders,21
10703,1997-10-14 00:00:00.000,Folk och fä HB,Maria Larsson,75
10704,1997-10-14 00:00:00.000,Queen Cozinha,Lúcia Carvalho,65
10705,1997-10-15 00:00:00.000,HILARION-Abastos,Carlos Hernández,24
10706,1997-10-16 00:00:00.000,Old World Delicatessen,Rene Phillips,52
10707,1997-10-16 00:00:00.000,Around the Horn,Thomas Hardy,89
10708,1997-10-17 00:00:00.000,The Big Cheese,Liz Nixon,9
10709,1997-10-17 00:00:00.000,Gourmet Lanchonetes,André Fonseca,78
10710,1997-10-20 00:00:00.000,Franchi S.p.A.,Paolo Accorti,10
10711,1997-10-21 00:00:00.000,Save-a-lot Markets,Jose Pavarotti,174
10712,1997-10-21 00:00:00.000,Hungry Owl All-Night Grocers,Patricia McKenna,33
10713,1997-10-22 00:00:00.000,Save-a-lot Markets,Jose Pavarotti,182
10714,1997-10-22 00:00:00.000,Save-a-lot Markets,Jose Pavarotti,137
10715,1997-10-23 00:00:00.000,Bon app',Laurence Lebihan,51
10716,1997-10-24 00:00:00.000,Rancho grande,Sergio Gutiérrez,22
10717,1997-10-24 00:00:00.000,Frankenversand,Peter Franken,72
10718,1997-10-27 00:00:00.000,Königlich Essen,Philip Cramer,116
10719,1997-10-27 00:00:00.000,Let's Stop N Shop,Jaime Yorres,55
10720,1997-10-28 00:00:00.000,Que Delícia,Bernardo Batista,29
10721,1997-10-29 00:00:00.000,QUICK-Stop,Horst Kloss,50
10722,1997-10-29 00:00:00.000,Save-a-lot Markets,Jose Pavarotti,140
10723,1997-10-30 00:00:00.000,White Clover Markets,Karl Jablonski,15
10724,1997-10-30 00:00:00.000,Mère Paillarde,Jean Fresnière,21
10725,1997-10-31 00:00:00.000,Familia Arquibaldo,Aria Cruz,22
10726,1997-11-03 00:00:00.000,Eastern Connection,Ann Devon,30
10727,1997-11-03 00:00:00.000,Reggiani Caseifici,Maurizio Moroni,40
10728,1997-11-04 00:00:00.000,Queen Cozinha,Lúcia Carvalho,48
10729,1997-11-04 00:00:00.000,LINO-Delicateses,Felipe Izquierdo,120
10730,1997-11-05 00:00:00.000,Bon app',Laurence Lebihan,28
10731,1997-11-06 00:00:00.000,Chop-suey Chinese,Yang Wang,70
10732,1997-11-06 00:00:00.000,Bon app',Laurence Lebihan,20
10733,1997-11-07 00:00:00.000,Berglunds snabbköp,Christina Berglund,61
10734,1997-11-07 00:00:00.000,Gourmet Lanchonetes,André Fonseca,65
10735,1997-11-10 00:00:00.000,Let's Stop N Shop,Jaime Yorres,22
10736,1997-11-11 00:00:00.000,Hungry Owl All-Night Grocers,Patricia McKenna,60
10737,1997-11-11 00:00:00.000,Vins et alcools Chevalier,Paul Henriot,16
10738,1997-11-12 00:00:00.000,Spécialités du monde,Dominique Perrier,3
10739,1997-11-12 00:00:00.000,Vins et alcools Chevalier,Paul Henriot,24
10740,1997-11-13 00:00:00.000,White Clover Markets,Karl Jablonski,94
10741,1997-11-14 00:00:00.000,Around the Horn,Thomas Hardy,15
10742,1997-11-14 00:00:00.000,Bottom-Dollar Markets,Elizabeth Lincoln,105
10743,1997-11-17 00:00:00.000,Around the Horn,Thomas Hardy,28
10744,1997-11-17 00:00:00.000,Vaffeljernet,Palle Ibsen,50
10745,1997-11-18 00:00:00.000,QUICK-Stop,Horst Kloss,92
10746,1997-11-19 00:00:00.000,Chop-suey Chinese,Yang Wang,83
10747,1997-11-19 00:00:00.000,Piccolo und mehr,Georg Pipps,82
10748,1997-11-20 00:00:00.000,Save-a-lot Markets,Jose Pavarotti,112
10749,1997-11-20 00:00:00.000,Island Trading,Helen Bennett,31
10750,1997-11-21 00:00:00.000,Wartian Herkku,Pirkko Koskitalo,70
10751,1997-11-24 00:00:00.000,Richter Supermarkt,Michael Holz,77
10752,1997-11-24 00:00:00.000,North/South,Simon Crowther,11
10753,1997-11-25 00:00:00.000,Franchi S.p.A.,Paolo Accorti,9
10754,1997-11-25 00:00:00.000,Magazzini Alimentari Riuniti,Giovanni Rovelli,3
10755,1997-11-26 00:00:00.000,Bon app',Laurence Lebihan,99
10756,1997-11-27 00:00:00.000,Split Rail Beer & Ale,Art Braunschweiger,67
10757,1997-11-27 00:00:00.000,Save-a-lot Markets,Jose Pavarotti,91
10758,1997-11-28 00:00:00.000,Richter Supermarkt,Michael Holz,120
10759,1997-11-28 00:00:00.000,Ana Trujillo Emparedados y helados,Ana Trujillo,10
10760,1997-12-01 00:00:00.000,Maison Dewey,Catherine Dewey,82
10761,1997-12-02 00:00:00.000,Rattlesnake Canyon Grocery,Paula Wilson,53
10762,1997-12-02 00:00:00.000,Folk och fä HB,Maria Larsson,134
10763,1997-12-03 00:00:00.000,Folies gourmandes,Martine Rancé,66
10764,1997-12-03 00:00:00.000,Ernst Handel,Roland Mendel,150
10765,1997-12-04 00:00:00.000,QUICK-Stop,Horst Kloss,80
10766,1997-12-05 00:00:00.000,Ottilies Käseladen,Henriette Pfalzheim,115
10767,1997-12-05 00:00:00.000,Suprêmes délices,Pascale Cartrain,2
10768,1997-12-08 00:00:00.000,Around the Horn,Thomas Hardy,81
10769,1997-12-08 00:00:00.000,Vaffeljernet,Palle Ibsen,80
10770,1997-12-09 00:00:00.000,Hanari Carnes,Mario Pontes,15
10771,1997-12-10 00:00:00.000,Ernst Handel,Roland Mendel,16
10772,1997-12-10 00:00:00.000,Lehmanns Marktstand,Renate Messner,43
10773,1997-12-11 00:00:00.000,Ernst Handel,Roland Mendel,110
10774,1997-12-11 00:00:00.000,Folk och fä HB,Maria Larsson,52
10775,1997-12-12 00:00:00.000,The Cracker Box,Liu Wong,9
10776,1997-12-15 00:00:00.000,Ernst Handel,Roland Mendel,175
10777,1997-12-15 00:00:00.000,Gourmet Lanchonetes,André Fonseca,20
10778,1997-12-16 00:00:00.000,Berglunds snabbköp,Christina Berglund,10
10779,1997-12-16 00:00:00.000,Morgenstern Gesundkost,Alexander Feuer,40
10780,1997-12-16 00:00:00.000,LILA-Supermercado,Carlos González,50
10781,1997-12-17 00:00:00.000,Wartian Herkku,Pirkko Koskitalo,58
10782,1997-12-17 00:00:00.000,Cactus Comidas para llevar,Patricio Simpson,1
10783,1997-12-18 00:00:00.000,Hanari Carnes,Mario Pontes,15
10784,1997-12-18 00:00:00.000,Magazzini Alimentari Riuniti,Giovanni Rovelli,62
10785,1997-12-18 00:00:00.000,GROSELLA-Restaurante,Manuel Pereira,20
10786,1997-12-19 00:00:00.000,Queen Cozinha,Lúcia Carvalho,87
10787,1997-12-19 00:00:00.000,La maison d'Asie,Annette Roulet,35
10788,1997-12-22 00:00:00.000,QUICK-Stop,Horst Kloss,90
10789,1997-12-22 00:00:00.000,Folies gourmandes,Martine Rancé,93
10790,1997-12-22 00:00:00.000,Gourmet Lanchonetes,André Fonseca,23
10791,1997-12-23 00:00:00.000,Frankenversand,Peter Franken,34
10792,1997-12-23 00:00:00.000,Wolski  Zajazd,Zbyszek Piestrzeniewicz,28
10793,1997-12-24 00:00:00.000,Around the Horn,Thomas Hardy,22
10794,1997-12-24 00:00:00.000,Que Delícia,Bernardo Batista,21
10795,1997-12-24 00:00:00.000,Ernst Handel,Roland Mendel,100
10796,1997-12-25 00:00:00.000,HILARION-Abastos,Carlos Hernández,90
10797,1997-12-25 00:00:00.000,Drachenblut Delikatessen,Sven Ottlieb,20
10798,1997-12-26 00:00:00.000,Island Trading,Helen Bennett,12
10799,1997-12-26 00:00:00.000,Königlich Essen,Philip Cramer,65
10800,1997-12-26 00:00:00.000,Seven Seas Imports,Hari Kumar,67
10801,1997-12-29 00:00:00.000,Bólido Comidas preparadas,Martín Sommer,60
10802,1997-12-29 00:00:00.000,Simons bistro,Jytte Petersen,120
10803,1997-12-30 00:00:00.000,Wellington Importadora,Paula Parente,54
10804,1997-12-30 00:00:00.000,Seven Seas Imports,Hari Kumar,64
10805,1997-12-30 00:00:00.000,The Big Cheese,Liz Nixon,20
10806,1997-12-31 00:00:00.000,Victuailles en stock,Mary Saveley,37
10807,1997-12-31 00:00:00.000,Franchi S.p.A.,Paolo Accorti,1
10808,1998-01-01 00:00:00.000,Old World Delicatessen,Rene Phillips,70
10809,1998-01-01 00:00:00.000,Wellington Importadora,Paula Parente,20
10810,1998-01-01 00:00:00.000,Laughing Bacchus Wine Cellars,Yoshi Tannamuri,17
10811,1998-01-02 00:00:00.000,LINO-Delicateses,Felipe Izquierdo,63
10812,1998-01-02 00:00:00.000,Reggiani Caseifici,Maurizio Moroni,76
10813,1998-01-05 00:00:00.000,Ricardo Adocicados,Janete Limeira,47
10814,1998-01-05 00:00:00.000,Victuailles en stock,Mary Saveley,78
10815,1998-01-05 00:00:00.000,Save-a-lot Markets,Jose Pavarotti,16
10816,1998-01-06 00:00:00.000,Great Lakes Food Market,Howard Snyder,50
10817,1998-01-06 00:00:00.000,Königlich Essen,Philip Cramer,155
10818,1998-01-07 00:00:00.000,Magazzini Alimentari Riuniti,Giovanni Rovelli,40
10819,1998-01-07 00:00:00.000,Cactus Comidas para llevar,Patricio Simpson,27
10820,1998-01-07 00:00:00.000,Rattlesnake Canyon Grocery,Paula Wilson,30
10821,1998-01-08 00:00:00.000,Split Rail Beer & Ale,Art Braunschweiger,26
10822,1998-01-08 00:00:00.000,Trail's Head Gourmet Provisioners,Helvetius Nagy,9
10823,1998-01-09 00:00:00.000,LILA-Supermercado,Carlos González,90
10824,1998-01-09 00:00:00.000,Folk och fä HB,Maria Larsson,21
10825,1998-01-09 00:00:00.000,Drachenblut Delikatessen,Sven Ottlieb,32
10826,1998-01-12 00:00:00.000,Blondesddsl père et fils,Frédérique Citeaux,50
10827,1998-01-12 00:00:00.000,Bon app',Laurence Lebihan,36
10828,1998-01-13 00:00:00.000,Rancho grande,Sergio Gutiérrez,7
10829,1998-01-13 00:00:00.000,Island Trading,Helen Bennett,61
10830,1998-01-13 00:00:00.000,Tradição Hipermercados,Anabela Domingues,88
10831,1998-01-14 00:00:00.000,Santé Gourmet,Jonas Bergulfsen,27
10832,1998-01-14 00:00:00.000,La maison d'Asie,Annette Roulet,32
10833,1998-01-15 00:00:00.000,Ottilies Käseladen,Henriette Pfalzheim,38
10834,1998-01-15 00:00:00.000,Tradição Hipermercados,Anabela Domingues,28
10835,1998-01-15 00:00:00.000,Alfreds Futterkiste,Maria Anders,17
10836,1998-01-16 00:00:00.000,Ernst Handel,Roland Mendel,172
10837,1998-01-16 00:00:00.000,Berglunds snabbköp,Christina Berglund,92
10838,1998-01-19 00:00:00.000,LINO-Delicateses,Felipe Izquierdo,79
10839,1998-01-19 00:00:00.000,Tradição Hipermercados,Anabela Domingues,45
10840,1998-01-19 00:00:00.000,LINO-Delicateses,Felipe Izquierdo,16
10841,1998-01-20 00:00:00.000,Suprêmes délices,Pascale Cartrain,111
10842,1998-01-20 00:00:00.000,Tortuga Restaurante,Miguel Angel Paolino,52
10843,1998-01-21 00:00:00.000,Victuailles en stock,Mary Saveley,4
10844,1998-01-21 00:00:00.000,Piccolo und mehr,Georg Pipps,35
10845,1998-01-21 00:00:00.000,QUICK-Stop,Horst Kloss,245
10846,1998-01-22 00:00:00.000,Suprêmes délices,Pascale Cartrain,71
10847,1998-01-22 00:00:00.000,Save-a-lot Markets,Jose Pavarotti,288
10848,1998-01-23 00:00:00.000,Consolidated Holdings,Elizabeth Brown,33
10849,1998-01-23 00:00:00.000,Königlich Essen,Philip Cramer,67
10850,1998-01-23 00:00:00.000,Victuailles en stock,Mary Saveley,54
10851,1998-01-26 00:00:00.000,Ricardo Adocicados,Janete Limeira,67
10852,1998-01-26 00:00:00.000,Rattlesnake Canyon Grocery,Paula Wilson,71
10853,1998-01-27 00:00:00.000,Blauer See Delikatessen,Hanna Moos,10
10854,1998-01-27 00:00:00.000,Ernst Handel,Roland Mendel,165
10855,1998-01-27 00:00:00.000,Old World Delicatessen,Rene Phillips,103
10856,1998-01-28 00:00:00.000,Antonio Moreno Taquería,Antonio Moreno,40
10857,1998-01-28 00:00:00.000,Berglunds snabbköp,Christina Berglund,75
10858,1998-01-29 00:00:00.000,La corne d'abondance,Daniel Tonini,19
10859,1998-01-29 00:00:00.000,Frankenversand,Peter Franken,105
10860,1998-01-29 00:00:00.000,France restauration,Carine Schmitt,23
10861,1998-01-30 00:00:00.000,White Clover Markets,Karl Jablonski,140
10862,1998-01-30 00:00:00.000,Lehmanns Marktstand,Renate Messner,33
10863,1998-02-02 00:00:00.000,HILARION-Abastos,Carlos Hernández,32
10864,1998-02-02 00:00:00.000,Around the Horn,Thomas Hardy,19
10865,1998-02-02 00:00:00.000,QUICK-Stop,Horst Kloss,140
10866,1998-02-03 00:00:00.000,Berglunds snabbköp,Christina Berglund,67
10867,1998-02-03 00:00:00.000,Lonesome Pine Restaurant,Fran Wilson,3
10868,1998-02-04 00:00:00.000,Queen Cozinha,Lúcia Carvalho,92
10869,1998-02-04 00:00:00.000,Seven Seas Imports,Hari Kumar,120
10870,1998-02-04 00:00:00.000,Wolski  Zajazd,Zbyszek Piestrzeniewicz,5
10871,1998-02-05 00:00:00.000,Bon app',Laurence Lebihan,78
10872,1998-02-05 00:00:00.000,Godos Cocina Típica,José Pedro Freyre,66
10873,1998-02-06 00:00:00.000,Wilman Kala,Matti Karttunen,23
10874,1998-02-06 00:00:00.000,Godos Cocina Típica,José Pedro Freyre,10
10875,1998-02-06 00:00:00.000,Berglunds snabbköp,Christina Berglund,61
10876,1998-02-09 00:00:00.000,Bon app',Laurence Lebihan,41
10877,1998-02-09 00:00:00.000,Ricardo Adocicados,Janete Limeira,55
10878,1998-02-10 00:00:00.000,QUICK-Stop,Horst Kloss,20
10879,1998-02-10 00:00:00.000,Wilman Kala,Matti Karttunen,32
10880,1998-02-10 00:00:00.000,Folk och fä HB,Maria Larsson,110
10881,1998-02-11 00:00:00.000,Cactus Comidas para llevar,Patricio Simpson,10
10882,1998-02-11 00:00:00.000,Save-a-lot Markets,Jose Pavarotti,77
10883,1998-02-12 00:00:00.000,Lonesome Pine Restaurant,Fran Wilson,8
10884,1998-02-12 00:00:00.000,Let's Stop N Shop,Jaime Yorres,73
10885,1998-02-12 00:00:00.000,Suprêmes délices,Pascale Cartrain,87
10886,1998-02-13 00:00:00.000,Hanari Carnes,Mario Pontes,145
10887,1998-02-13 00:00:00.000,Galería del gastrónomo,Eduardo Saavedra,5
10888,1998-02-16 00:00:00.000,Godos Cocina Típica,José Pedro Freyre,38
10889,1998-02-16 00:00:00.000,Rattlesnake Canyon Grocery,Paula Wilson,80
10890,1998-02-16 00:00:00.000,Du monde entier,Janine Labrune,39
10891,1998-02-17 00:00:00.000,Lehmanns Marktstand,Renate Messner,15
10892,1998-02-17 00:00:00.000,Maison Dewey,Catherine Dewey,40
10893,1998-02-18 00:00:00.000,Königlich Essen,Philip Cramer,119
10894,1998-02-18 00:00:00.000,Save-a-lot Markets,Jose Pavarotti,198
10895,1998-02-18 00:00:00.000,Ernst Handel,Roland Mendel,346
10896,1998-02-19 00:00:00.000,Maison Dewey,Catherine Dewey,31
10897,1998-02-19 00:00:00.000,Hungry Owl All-Night Grocers,Patricia McKenna,116
10898,1998-02-20 00:00:00.000,Océano Atlántico Ltda.,Yvonne Moncada,5
10899,1998-02-20 00:00:00.000,LILA-Supermercado,Carlos González,8
10900,1998-02-20 00:00:00.000,Wellington Importadora,Paula Parente,3
10901,1998-02-23 00:00:00.000,HILARION-Abastos,Carlos Hernández,60
10902,1998-02-23 00:00:00.000,Folk och fä HB,Maria Larsson,36
10903,1998-02-24 00:00:00.000,Hanari Carnes,Mario Pontes,81
10904,1998-02-24 00:00:00.000,White Clover Markets,Karl Jablonski,50
10905,1998-02-24 00:00:00.000,Wellington Importadora,Paula Parente,20
10906,1998-02-25 00:00:00.000,Wolski  Zajazd,Zbyszek Piestrzeniewicz,15
10907,1998-02-25 00:00:00.000,Spécialités du monde,Dominique Perrier,14
10908,1998-02-26 00:00:00.000,Reggiani Caseifici,Maurizio Moroni,34
10909,1998-02-26 00:00:00.000,Santé Gourmet,Jonas Bergulfsen,32
10910,1998-02-26 00:00:00.000,Wilman Kala,Matti Karttunen,27
10911,1998-02-26 00:00:00.000,Godos Cocina Típica,José Pedro Freyre,37
10912,1998-02-26 00:00:00.000,Hungry Owl All-Night Grocers,Patricia McKenna,100
10913,1998-02-26 00:00:00.000,Queen Cozinha,Lúcia Carvalho,85
10914,1998-02-27 00:00:00.000,Queen Cozinha,Lúcia Carvalho,25
10915,1998-02-27 00:00:00.000,Tortuga Restaurante,Miguel Angel Paolino,50
10916,1998-02-27 00:00:00.000,Rancho grande,Sergio Gutiérrez,32
10917,1998-03-02 00:00:00.000,Romero y tomillo,Alejandra Camino,11
10918,1998-03-02 00:00:00.000,Bottom-Dollar Markets,Elizabeth Lincoln,85
10919,1998-03-02 00:00:00.000,LINO-Delicateses,Felipe Izquierdo,68
10920,1998-03-03 00:00:00.000,Around the Horn,Thomas Hardy,24
10921,1998-03-03 00:00:00.000,Vaffeljernet,Palle Ibsen,50
10922,1998-03-03 00:00:00.000,Hanari Carnes,Mario Pontes,50
10923,1998-03-03 00:00:00.000,La maison d'Asie,Annette Roulet,44
10924,1998-03-04 00:00:00.000,Berglunds snabbköp,Christina Berglund,56
10925,1998-03-04 00:00:00.000,Hanari Carnes,Mario Pontes,37
10926,1998-03-04 00:00:00.000,Ana Trujillo Emparedados y helados,Ana Trujillo,29
10927,1998-03-05 00:00:00.000,La corne d'abondance,Daniel Tonini,30
10928,1998-03-05 00:00:00.000,Galería del gastrónomo,Eduardo Saavedra,10
10929,1998-03-05 00:00:00.000,Frankenversand,Peter Franken,124
10930,1998-03-06 00:00:00.000,Suprêmes délices,Pascale Cartrain,116
10931,1998-03-06 00:00:00.000,Richter Supermarkt,Michael Holz,72
10932,1998-03-06 00:00:00.000,Bon app',Laurence Lebihan,80
10933,1998-03-06 00:00:00.000,Island Trading,Helen Bennett,32
10934,1998-03-09 00:00:00.000,Lehmanns Marktstand,Renate Messner,20
10935,1998-03-09 00:00:00.000,Wellington Importadora,Paula Parente,33
10936,1998-03-09 00:00:00.000,Great Lakes Food Market,Howard Snyder,30
10937,1998-03-10 00:00:00.000,Cactus Comidas para llevar,Patricio Simpson,28
10938,1998-03-10 00:00:00.000,QUICK-Stop,Horst Kloss,128
10939,1998-03-10 00:00:00.000,Magazzini Alimentari Riuniti,Giovanni Rovelli,50
10940,1998-03-11 00:00:00.000,Bon app',Laurence Lebihan,28
10941,1998-03-11 00:00:00.000,Save-a-lot Markets,Jose Pavarotti,204
10942,1998-03-11 00:00:00.000,Reggiani Caseifici,Maurizio Moroni,28
10943,1998-03-11 00:00:00.000,B's Beverages,Victoria Ashworth,51
10944,1998-03-12 00:00:00.000,Bottom-Dollar Markets,Elizabeth Lincoln,41
10945,1998-03-12 00:00:00.000,Morgenstern Gesundkost,Alexander Feuer,30
10946,1998-03-12 00:00:00.000,Vaffeljernet,Palle Ibsen,90
10947,1998-03-13 00:00:00.000,B's Beverages,Victoria Ashworth,4
10948,1998-03-13 00:00:00.000,Godos Cocina Típica,José Pedro Freyre,53
10949,1998-03-13 00:00:00.000,Bottom-Dollar Markets,Elizabeth Lincoln,108
10950,1998-03-16 00:00:00.000,Magazzini Alimentari Riuniti,Giovanni Rovelli,5
10951,1998-03-16 00:00:00.000,Richter Supermarkt,Michael Holz,71
10952,1998-03-16 00:00:00.000,Alfreds Futterkiste,Maria Anders,18
10953,1998-03-16 00:00:00.000,Around the Horn,Thomas Hardy,100
10954,1998-03-17 00:00:00.000,LINO-Delicateses,Felipe Izquierdo,107
10955,1998-03-17 00:00:00.000,Folk och fä HB,Maria Larsson,12
10956,1998-03-17 00:00:00.000,Blauer See Delikatessen,Hanna Moos,34
10957,1998-03-18 00:00:00.000,HILARION-Abastos,Carlos Hernández,78
10958,1998-03-18 00:00:00.000,Océano Atlántico Ltda.,Yvonne Moncada,31
10959,1998-03-18 00:00:00.000,Gourmet Lanchonetes,André Fonseca,20
10960,1998-03-19 00:00:00.000,HILARION-Abastos,Carlos Hernández,34
10961,1998-03-19 00:00:00.000,Queen Cozinha,Lúcia Carvalho,66
10962,1998-03-19 00:00:00.000,QUICK-Stop,Horst Kloss,195
10963,1998-03-19 00:00:00.000,Furia Bacalhau e Frutos do Mar,Lino Rodriguez,2
10964,1998-03-20 00:00:00.000,Spécialités du monde,Dominique Perrier,21
10965,1998-03-20 00:00:00.000,Old World Delicatessen,Rene Phillips,16
10966,1998-03-20 00:00:00.000,Chop-suey Chinese,Yang Wang,32
10967,1998-03-23 00:00:00.000,Toms Spezialitäten,Karin Josephs,52
10968,1998-03-23 00:00:00.000,Ernst Handel,Roland Mendel,64
10969,1998-03-23 00:00:00.000,Comércio Mineiro,Pedro Afonso,9
10970,1998-03-24 00:00:00.000,Bólido Comidas preparadas,Martín Sommer,40
10971,1998-03-24 00:00:00.000,France restauration,Carine Schmitt,14
10972,1998-03-24 00:00:00.000,La corne d'abondance,Daniel Tonini,13
10973,1998-03-24 00:00:00.000,La corne d'abondance,Daniel Tonini,21
10974,1998-03-25 00:00:00.000,Split Rail Beer & Ale,Art Braunschweiger,10
10975,1998-03-25 00:00:00.000,Bottom-Dollar Markets,Elizabeth Lincoln,26
10976,1998-03-25 00:00:00.000,HILARION-Abastos,Carlos Hernández,20
10977,1998-03-26 00:00:00.000,Folk och fä HB,Maria Larsson,90
10978,1998-03-26 00:00:00.000,Maison Dewey,Catherine Dewey,76
10979,1998-03-26 00:00:00.000,Ernst Handel,Roland Mendel,207
10980,1998-03-27 00:00:00.000,Folk och fä HB,Maria Larsson,40
10981,1998-03-27 00:00:00.000,Hanari Carnes,Mario Pontes,60
10982,1998-03-27 00:00:00.000,Bottom-Dollar Markets,Elizabeth Lincoln,29
10983,1998-03-27 00:00:00.000,Save-a-lot Markets,Jose Pavarotti,99
10984,1998-03-30 00:00:00.000,Save-a-lot Markets,Jose Pavarotti,115
10985,1998-03-30 00:00:00.000,Hungry Owl All-Night Grocers,Patricia McKenna,79
10986,1998-03-30 00:00:00.000,Océano Atlántico Ltda.,Yvonne Moncada,70
10987,1998-03-31 00:00:00.000,Eastern Connection,Ann Devon,86
10988,1998-03-31 00:00:00.000,Rattlesnake Canyon Grocery,Paula Wilson,100
10989,1998-03-31 00:00:00.000,Que Delícia,Bernardo Batista,59
10990,1998-04-01 00:00:00.000,Ernst Handel,Roland Mendel,256
10991,1998-04-01 00:00:00.000,QUICK-Stop,Horst Kloss,160
10992,1998-04-01 00:00:00.000,The Big Cheese,Liz Nixon,2
10993,1998-04-01 00:00:00.000,Folk och fä HB,Maria Larsson,85
10994,1998-04-02 00:00:00.000,Vaffeljernet,Palle Ibsen,18
10995,1998-04-02 00:00:00.000,Pericles Comidas clásicas,Guillermo Fernández,24
10996,1998-04-02 00:00:00.000,QUICK-Stop,Horst Kloss,40
10997,1998-04-03 00:00:00.000,LILA-Supermercado,Carlos González,90
10998,1998-04-03 00:00:00.000,Wolski  Zajazd,Zbyszek Piestrzeniewicz,69
10999,1998-04-03 00:00:00.000,Ottilies Käseladen,Henriette Pfalzheim,56
11000,1998-04-06 00:00:00.000,Rattlesnake Canyon Grocery,Paula Wilson,85
11001,1998-04-06 00:00:00.000,Folk och fä HB,Maria Larsson,116
11002,1998-04-06 00:00:00.000,Save-a-lot Markets,Jose Pavarotti,135
11003,1998-04-06 00:00:00.000,The Cracker Box,Liu Wong,24
11004,1998-04-07 00:00:00.000,Maison Dewey,Catherine Dewey,12
11005,1998-04-07 00:00:00.000,Wilman Kala,Matti Karttunen,12
11006,1998-04-07 00:00:00.000,Great Lakes Food Market,Howard Snyder,10
11007,1998-04-08 00:00:00.000,Princesa Isabel Vinhos,Isabel de Castro,54
11008,1998-04-08 00:00:00.000,Ernst Handel,Roland Mendel,181
11009,1998-04-08 00:00:00.000,Godos Cocina Típica,José Pedro Freyre,39
11010,1998-04-09 00:00:00.000,Reggiani Caseifici,Maurizio Moroni,30
11011,1998-04-09 00:00:00.000,Alfreds Futterkiste,Maria Anders,60
11012,1998-04-09 00:00:00.000,Frankenversand,Peter Franken,146
11013,1998-04-09 00:00:00.000,Romero y tomillo,Alejandra Camino,36
11014,1998-04-10 00:00:00.000,LINO-Delicateses,Felipe Izquierdo,28
11015,1998-04-10 00:00:00.000,Santé Gourmet,Jonas Bergulfsen,33
11016,1998-04-10 00:00:00.000,Around the Horn,Thomas Hardy,31
11017,1998-04-13 00:00:00.000,Ernst Handel,Roland Mendel,165
11018,1998-04-13 00:00:00.000,Lonesome Pine Restaurant,Fran Wilson,35
11019,1998-04-13 00:00:00.000,Rancho grande,Sergio Gutiérrez,5
11020,1998-04-14 00:00:00.000,Ottilies Käseladen,Henriette Pfalzheim,24
11021,1998-04-14 00:00:00.000,QUICK-Stop,Horst Kloss,168
11022,1998-04-14 00:00:00.000,Hanari Carnes,Mario Pontes,65
11023,1998-04-14 00:00:00.000,B's Beverages,Victoria Ashworth,34
11024,1998-04-15 00:00:00.000,Eastern Connection,Ann Devon,113
11025,1998-04-15 00:00:00.000,Wartian Herkku,Pirkko Koskitalo,30
11026,1998-04-15 00:00:00.000,Franchi S.p.A.,Paolo Accorti,18
11027,1998-04-16 00:00:00.000,Bottom-Dollar Markets,Elizabeth Lincoln,51
11028,1998-04-16 00:00:00.000,Königlich Essen,Philip Cramer,59
11029,1998-04-16 00:00:00.000,Chop-suey Chinese,Yang Wang,32
11030,1998-04-17 00:00:00.000,Save-a-lot Markets,Jose Pavarotti,330
11031,1998-04-17 00:00:00.000,Save-a-lot Markets,Jose Pavarotti,182
11032,1998-04-17 00:00:00.000,White Clover Markets,Karl Jablonski,90
11033,1998-04-17 00:00:00.000,Richter Supermarkt,Michael Holz,106
11034,1998-04-20 00:00:00.000,Old World Delicatessen,Rene Phillips,33
11035,1998-04-20 00:00:00.000,Suprêmes délices,Pascale Cartrain,110
11036,1998-04-20 00:00:00.000,Drachenblut Delikatessen,Sven Ottlieb,37
11037,1998-04-21 00:00:00.000,Godos Cocina Típica,José Pedro Freyre,4
11038,1998-04-21 00:00:00.000,Suprêmes délices,Pascale Cartrain,37
11039,1998-04-21 00:00:00.000,LINO-Delicateses,Felipe Izquierdo,132
11040,1998-04-22 00:00:00.000,Great Lakes Food Market,Howard Snyder,20
11041,1998-04-22 00:00:00.000,Chop-suey Chinese,Yang Wang,60
11042,1998-04-22 00:00:00.000,Comércio Mineiro,Pedro Afonso,19
11043,1998-04-22 00:00:00.000,Spécialités du monde,Dominique Perrier,10
11044,1998-04-23 00:00:00.000,Wolski  Zajazd,Zbyszek Piestrzeniewicz,12
11045,1998-04-23 00:00:00.000,Bottom-Dollar Markets,Elizabeth Lincoln,39
11046,1998-04-23 00:00:00.000,Die Wandernde Kuh,Rita Müller,53
11047,1998-04-24 00:00:00.000,Eastern Connection,Ann Devon,55
11048,1998-04-24 00:00:00.000,Bottom-Dollar Markets,Elizabeth Lincoln,42
11049,1998-04-24 00:00:00.000,Gourmet Lanchonetes,André Fonseca,14
11050,1998-04-27 00:00:00.000,Folk och fä HB,Maria Larsson,50
11051,1998-04-27 00:00:00.000,La maison d'Asie,Annette Roulet,10
11052,1998-04-27 00:00:00.000,Hanari Carnes,Mario Pontes,40
11053,1998-04-27 00:00:00.000,Piccolo und mehr,Georg Pipps,80
11054,1998-04-28 00:00:00.000,Cactus Comidas para llevar,Patricio Simpson,30
11055,1998-04-28 00:00:00.000,HILARION-Abastos,Carlos Hernández,70
11056,1998-04-28 00:00:00.000,Eastern Connection,Ann Devon,125
11057,1998-04-29 00:00:00.000,North/South,Simon Crowther,3
11058,1998-04-29 00:00:00.000,Blauer See Delikatessen,Hanna Moos,28
11059,1998-04-29 00:00:00.000,Ricardo Adocicados,Janete Limeira,77
11060,1998-04-30 00:00:00.000,Franchi S.p.A.,Paolo Accorti,14
11061,1998-04-30 00:00:00.000,Great Lakes Food Market,Howard Snyder,15
11062,1998-04-30 00:00:00.000,Reggiani Caseifici,Maurizio Moroni,22
11063,1998-04-30 00:00:00.000,Hungry Owl All-Night Grocers,Patricia McKenna,100
11064,1998-05-01 00:00:00.000,Save-a-lot Markets,Jose Pavarotti,173
11065,1998-05-01 00:00:00.000,LILA-Supermercado,Carlos González,24
11066,1998-05-01 00:00:00.000,White Clover Markets,Karl Jablonski,80
11067,1998-05-04 00:00:00.000,Drachenblut Delikatessen,Sven Ottlieb,9
11068,1998-05-04 00:00:00.000,Queen Cozinha,Lúcia Carvalho,72
11069,1998-05-04 00:00:00.000,Tortuga Restaurante,Miguel Angel Paolino,20
11070,1998-05-05 00:00:00.000,Lehmanns Marktstand,Renate Messner,110
11071,1998-05-05 00:00:00.000,LILA-Supermercado,Carlos González,25
11072,1998-05-05 00:00:00.000,Ernst Handel,Roland Mendel,200
11073,1998-05-05 00:00:00.000,Pericles Comidas clásicas,Guillermo Fernández,30
11074,1998-05-06 00:00:00.000,Simons bistro,Jytte Petersen,14
11075,1998-05-06 00:00:00.000,Richter Supermarkt,Michael Holz,42
11076,1998-05-06 00:00:00.000,Bon app',Laurence Lebihan,50
11077,1998-05-06 00:00:00.000,Rattlesnake Canyon Grocery,Paula Wilson,72
